E:\GP\Full Project\IMG\center.0023.jpg,centre
E:\GP\Full Project\IMG\center.0024.jpg,centre
E:\GP\Full Project\IMG\centre.0025.jpg,centre
E:\GP\Full Project\IMG\centre.0052.jpg,centre
E:\GP\Full Project\IMG\centre.0060.jpg,centre
E:\GP\Full Project\IMG\centre.0061.jpg,centre
E:\GP\Full Project\IMG\centre.0078.jpg,centre
E:\GP\Full Project\IMG\centre.0083.jpg,centre
E:\GP\Full Project\IMG\centre.0090.jpg,centre
E:\GP\Full Project\IMG\centre.0091.jpg,centre
E:\GP\Full Project\IMG\centre.0092.jpg,centre
E:\GP\Full Project\IMG\centre.0110.jpg,centre
E:\GP\Full Project\IMG\centre.0114.jpg,centre
E:\GP\Full Project\IMG\centre.0117.jpg,centre
E:\GP\Full Project\IMG\centre.0130.jpg,centre
E:\GP\Full Project\IMG\centre.0138.jpg,centre
E:\GP\Full Project\IMG\centre.0144.jpg,centre
E:\GP\Full Project\IMG\centre.0146.jpg,centre
E:\GP\Full Project\IMG\centre.0150.jpg,centre
E:\GP\Full Project\IMG\centre.0154.jpg,centre
E:\GP\Full Project\IMG\centre.0158.jpg,centre
E:\GP\Full Project\IMG\centre.0159.jpg,centre
E:\GP\Full Project\IMG\centre.0171.jpg,centre
E:\GP\Full Project\IMG\centre.0171.jpg,centre
E:\GP\Full Project\IMG\centre.0176.jpg,centre
E:\GP\Full Project\IMG\centre.0178.jpg,centre
E:\GP\Full Project\IMG\centre.0185.jpg,centre
E:\GP\Full Project\IMG\centre.0186.jpg,centre
E:\GP\Full Project\IMG\centre.0197.jpg,centre
E:\GP\Full Project\IMG\centre.0204.jpg,centre
E:\GP\Full Project\IMG\centre.0205.jpg,centre
E:\GP\Full Project\IMG\centre.0209.jpg,centre
E:\GP\Full Project\IMG\centre.0212.jpg,centre
E:\GP\Full Project\IMG\centre.0216.jpg,centre
E:\GP\Full Project\IMG\centre.0218.jpg,centre
E:\GP\Full Project\IMG\centre.0219.jpg,centre
E:\GP\Full Project\IMG\centre.0229.jpg,centre
E:\GP\Full Project\IMG\centre.0230.jpg,centre
E:\GP\Full Project\IMG\centre.0240.jpg,centre
E:\GP\Full Project\IMG\centre.0243.jpg,centre
E:\GP\Full Project\IMG\turn.0418.jpg,turn
E:\GP\Full Project\IMG\turn.0440.jpg,turn
E:\GP\Full Project\IMG\turn.0450.jpg,turn
E:\GP\Full Project\IMG\turn.0454.jpg,turn
E:\GP\Full Project\IMG\turn.0455.jpg,turn
E:\GP\Full Project\IMG\turn.0462.jpg,turn
E:\GP\Full Project\IMG\turn.0471.jpg,turn
E:\GP\Full Project\IMG\turn.0472.jpg,turn
E:\GP\Full Project\IMG\turn.0473.jpg,turn
E:\GP\Full Project\IMG\turn.0481.jpg,turn
E:\GP\Full Project\IMG\turn.0482.jpg,turn
E:\GP\Full Project\IMG\turn.0483.jpg,turn
E:\GP\Full Project\IMG\turn.0484.jpg,turn
E:\GP\Full Project\IMG\turn.0485.jpg,turn
E:\GP\Full Project\IMG\turn.0486.jpg,turn
E:\GP\Full Project\IMG\turn.0487.jpg,turn
E:\GP\Full Project\IMG\turn.0488.jpg,turn
E:\GP\Full Project\IMG\turn.0489.jpg,turn
E:\GP\Full Project\IMG\turn.0490.jpg,turn
E:\GP\Full Project\IMG\turn.0491.jpg,turn
